CREATE DATABASE  IF NOT EXISTS `jforum` /*!40100 DEFAULT CHARACTER SET utf8 */;
USE `jforum`;
-- MySQL dump 10.13  Distrib 5.6.17, for Win64 (x86_64)
--
-- Host: localhost    Database: jforum
-- ------------------------------------------------------
-- Server version	5.5.19

/*!40101 SET @OLD_CHARACTER_SET_CLIENT=@@CHARACTER_SET_CLIENT */;
/*!40101 SET @OLD_CHARACTER_SET_RESULTS=@@CHARACTER_SET_RESULTS */;
/*!40101 SET @OLD_COLLATION_CONNECTION=@@COLLATION_CONNECTION */;
/*!40101 SET NAMES utf8 */;
/*!40103 SET @OLD_TIME_ZONE=@@TIME_ZONE */;
/*!40103 SET TIME_ZONE='+00:00' */;
/*!40014 SET @OLD_UNIQUE_CHECKS=@@UNIQUE_CHECKS, UNIQUE_CHECKS=0 */;
/*!40014 SET @OLD_FOREIGN_KEY_CHECKS=@@FOREIGN_KEY_CHECKS, FOREIGN_KEY_CHECKS=0 */;
/*!40101 SET @OLD_SQL_MODE=@@SQL_MODE, SQL_MODE='NO_AUTO_VALUE_ON_ZERO' */;
/*!40111 SET @OLD_SQL_NOTES=@@SQL_NOTES, SQL_NOTES=0 */;

--
-- Table structure for table `jforum_api`
--

DROP TABLE IF EXISTS `jforum_api`;
/*!40101 SET @saved_cs_client     = @@character_set_client */;
/*!40101 SET character_set_client = utf8 */;
CREATE TABLE `jforum_api` (
  `api_id` int(11) NOT NULL AUTO_INCREMENT,
  `api_key` varchar(32) NOT NULL,
  `api_validity` datetime NOT NULL,
  PRIMARY KEY (`api_id`)
) ENGINE=InnoDB DEFAULT CHARSET=utf8;
/*!40101 SET character_set_client = @saved_cs_client */;

--
-- Dumping data for table `jforum_api`
--

LOCK TABLES `jforum_api` WRITE;
/*!40000 ALTER TABLE `jforum_api` DISABLE KEYS */;
/*!40000 ALTER TABLE `jforum_api` ENABLE KEYS */;
UNLOCK TABLES;

--
-- Table structure for table `jforum_attach`
--

DROP TABLE IF EXISTS `jforum_attach`;
/*!40101 SET @saved_cs_client     = @@character_set_client */;
/*!40101 SET character_set_client = utf8 */;
CREATE TABLE `jforum_attach` (
  `attach_id` int(11) NOT NULL AUTO_INCREMENT,
  `post_id` int(11) DEFAULT NULL,
  `user_id` int(11) NOT NULL,
  `download_count` int(11) DEFAULT '0',
  `physical_filename` varchar(255) DEFAULT NULL,
  `real_filename` varchar(255) DEFAULT NULL,
  `description` varchar(255) DEFAULT NULL,
  `mimetype` varchar(50) DEFAULT NULL,
  `upload_date` datetime DEFAULT NULL,
  `filesize` bigint(20) DEFAULT NULL,
  `thumb` tinyint(1) DEFAULT '0',
  `file_extension` varchar(6) DEFAULT NULL,
  PRIMARY KEY (`attach_id`),
  KEY `idx_att_post` (`post_id`),
  KEY `idx_att_user` (`user_id`)
) ENGINE=InnoDB DEFAULT CHARSET=utf8;
/*!40101 SET character_set_client = @saved_cs_client */;

--
-- Dumping data for table `jforum_attach`
--

LOCK TABLES `jforum_attach` WRITE;
/*!40000 ALTER TABLE `jforum_attach` DISABLE KEYS */;
/*!40000 ALTER TABLE `jforum_attach` ENABLE KEYS */;
UNLOCK TABLES;

--
-- Table structure for table `jforum_attach_quota`
--

DROP TABLE IF EXISTS `jforum_attach_quota`;
/*!40101 SET @saved_cs_client     = @@character_set_client */;
/*!40101 SET character_set_client = utf8 */;
CREATE TABLE `jforum_attach_quota` (
  `attach_quota_id` int(11) NOT NULL AUTO_INCREMENT,
  `group_id` int(11) NOT NULL,
  `quota_limit_id` int(11) NOT NULL,
  PRIMARY KEY (`attach_quota_id`),
  KEY `group_id` (`group_id`)
) ENGINE=InnoDB DEFAULT CHARSET=utf8;
/*!40101 SET character_set_client = @saved_cs_client */;

--
-- Dumping data for table `jforum_attach_quota`
--

LOCK TABLES `jforum_attach_quota` WRITE;
/*!40000 ALTER TABLE `jforum_attach_quota` DISABLE KEYS */;
/*!40000 ALTER TABLE `jforum_attach_quota` ENABLE KEYS */;
UNLOCK TABLES;

--
-- Table structure for table `jforum_avatar`
--

DROP TABLE IF EXISTS `jforum_avatar`;
/*!40101 SET @saved_cs_client     = @@character_set_client */;
/*!40101 SET character_set_client = utf8 */;
CREATE TABLE `jforum_avatar` (
  `id` int(11) NOT NULL AUTO_INCREMENT,
  `filename` varchar(255) DEFAULT NULL,
  `avatar_type` varchar(10) DEFAULT NULL,
  `width` int(11) DEFAULT '0',
  `height` int(11) DEFAULT '0',
  PRIMARY KEY (`id`)
) ENGINE=InnoDB DEFAULT CHARSET=utf8;
/*!40101 SET character_set_client = @saved_cs_client */;

--
-- Dumping data for table `jforum_avatar`
--

LOCK TABLES `jforum_avatar` WRITE;
/*!40000 ALTER TABLE `jforum_avatar` DISABLE KEYS */;
/*!40000 ALTER TABLE `jforum_avatar` ENABLE KEYS */;
UNLOCK TABLES;

--
-- Table structure for table `jforum_banlist`
--

DROP TABLE IF EXISTS `jforum_banlist`;
/*!40101 SET @saved_cs_client     = @@character_set_client */;
/*!40101 SET character_set_client = utf8 */;
CREATE TABLE `jforum_banlist` (
  `banlist_id` int(11) NOT NULL AUTO_INCREMENT,
  `user_id` int(11) DEFAULT NULL,
  `banlist_ip` varchar(15) DEFAULT NULL,
  `banlist_email` varchar(255) DEFAULT NULL,
  PRIMARY KEY (`banlist_id`),
  KEY `idx_user` (`user_id`),
  KEY `banlist_ip` (`banlist_ip`),
  KEY `banlist_email` (`banlist_email`)
) ENGINE=InnoDB DEFAULT CHARSET=utf8;
/*!40101 SET character_set_client = @saved_cs_client */;

--
-- Dumping data for table `jforum_banlist`
--

LOCK TABLES `jforum_banlist` WRITE;
/*!40000 ALTER TABLE `jforum_banlist` DISABLE KEYS */;
/*!40000 ALTER TABLE `jforum_banlist` ENABLE KEYS */;
UNLOCK TABLES;

--
-- Table structure for table `jforum_banner`
--

DROP TABLE IF EXISTS `jforum_banner`;
/*!40101 SET @saved_cs_client     = @@character_set_client */;
/*!40101 SET character_set_client = utf8 */;
CREATE TABLE `jforum_banner` (
  `banner_id` int(11) NOT NULL AUTO_INCREMENT,
  `banner_name` varchar(90) DEFAULT NULL,
  `banner_placement` int(11) NOT NULL DEFAULT '0',
  `banner_description` varchar(250) DEFAULT NULL,
  `banner_clicks` int(11) NOT NULL DEFAULT '0',
  `banner_views` int(11) NOT NULL DEFAULT '0',
  `banner_url` varchar(250) DEFAULT NULL,
  `banner_weight` tinyint(1) NOT NULL DEFAULT '50',
  `banner_active` tinyint(1) NOT NULL DEFAULT '0',
  `banner_comment` varchar(250) DEFAULT NULL,
  `banner_type` int(11) NOT NULL DEFAULT '0',
  `banner_width` int(11) NOT NULL DEFAULT '0',
  `banner_height` int(11) NOT NULL DEFAULT '0',
  PRIMARY KEY (`banner_id`),
  KEY `banner_id` (`banner_id`)
) ENGINE=InnoDB DEFAULT CHARSET=utf8;
/*!40101 SET character_set_client = @saved_cs_client */;

--
-- Dumping data for table `jforum_banner`
--

LOCK TABLES `jforum_banner` WRITE;
/*!40000 ALTER TABLE `jforum_banner` DISABLE KEYS */;
/*!40000 ALTER TABLE `jforum_banner` ENABLE KEYS */;
UNLOCK TABLES;

--
-- Table structure for table `jforum_bookmarks`
--

DROP TABLE IF EXISTS `jforum_bookmarks`;
/*!40101 SET @saved_cs_client     = @@character_set_client */;
/*!40101 SET character_set_client = utf8 */;
CREATE TABLE `jforum_bookmarks` (
  `bookmark_id` int(11) NOT NULL AUTO_INCREMENT,
  `user_id` int(11) NOT NULL,
  `relation_id` int(11) NOT NULL,
  `relation_type` int(11) NOT NULL,
  `public_visible` int(11) DEFAULT '1',
  `title` varchar(255) DEFAULT NULL,
  `description` varchar(255) DEFAULT NULL,
  PRIMARY KEY (`bookmark_id`),
  KEY `book_idx_relation` (`relation_id`),
  KEY `user_id` (`user_id`)
) ENGINE=InnoDB DEFAULT CHARSET=utf8;
/*!40101 SET character_set_client = @saved_cs_client */;

--
-- Dumping data for table `jforum_bookmarks`
--

LOCK TABLES `jforum_bookmarks` WRITE;
/*!40000 ALTER TABLE `jforum_bookmarks` DISABLE KEYS */;
/*!40000 ALTER TABLE `jforum_bookmarks` ENABLE KEYS */;
UNLOCK TABLES;

--
-- Table structure for table `jforum_categories`
--

DROP TABLE IF EXISTS `jforum_categories`;
/*!40101 SET @saved_cs_client     = @@character_set_client */;
/*!40101 SET character_set_client = utf8 */;
CREATE TABLE `jforum_categories` (
  `category_id` int(11) NOT NULL AUTO_INCREMENT,
  `category_title` varchar(100) NOT NULL,
  `category_order` int(11) DEFAULT '0',
  `category_moderated` tinyint(1) DEFAULT '0',
  PRIMARY KEY (`category_id`)
) ENGINE=InnoDB AUTO_INCREMENT=2 DEFAULT CHARSET=utf8;
/*!40101 SET character_set_client = @saved_cs_client */;

--
-- Dumping data for table `jforum_categories`
--

LOCK TABLES `jforum_categories` WRITE;
/*!40000 ALTER TABLE `jforum_categories` DISABLE KEYS */;
INSERT INTO `jforum_categories` VALUES (1,'parking',1,1);
/*!40000 ALTER TABLE `jforum_categories` ENABLE KEYS */;
UNLOCK TABLES;

--
-- Table structure for table `jforum_config`
--

DROP TABLE IF EXISTS `jforum_config`;
/*!40101 SET @saved_cs_client     = @@character_set_client */;
/*!40101 SET character_set_client = utf8 */;
CREATE TABLE `jforum_config` (
  `config_name` varchar(255) NOT NULL DEFAULT '',
  `config_value` varchar(255) NOT NULL DEFAULT '',
  `config_id` int(11) NOT NULL AUTO_INCREMENT,
  PRIMARY KEY (`config_id`)
) ENGINE=InnoDB AUTO_INCREMENT=2 DEFAULT CHARSET=utf8;
/*!40101 SET character_set_client = @saved_cs_client */;

--
-- Dumping data for table `jforum_config`
--

LOCK TABLES `jforum_config` WRITE;
/*!40000 ALTER TABLE `jforum_config` DISABLE KEYS */;
INSERT INTO `jforum_config` VALUES ('most.users.ever.online','1445281461582/2',1);
/*!40000 ALTER TABLE `jforum_config` ENABLE KEYS */;
UNLOCK TABLES;

--
-- Table structure for table `jforum_extension_groups`
--

DROP TABLE IF EXISTS `jforum_extension_groups`;
/*!40101 SET @saved_cs_client     = @@character_set_client */;
/*!40101 SET character_set_client = utf8 */;
CREATE TABLE `jforum_extension_groups` (
  `extension_group_id` int(11) NOT NULL AUTO_INCREMENT,
  `name` varchar(100) NOT NULL,
  `allow` tinyint(1) DEFAULT '1',
  `upload_icon` varchar(100) DEFAULT NULL,
  `download_mode` tinyint(1) DEFAULT '1',
  PRIMARY KEY (`extension_group_id`)
) ENGINE=InnoDB DEFAULT CHARSET=utf8;
/*!40101 SET character_set_client = @saved_cs_client */;

--
-- Dumping data for table `jforum_extension_groups`
--

LOCK TABLES `jforum_extension_groups` WRITE;
/*!40000 ALTER TABLE `jforum_extension_groups` DISABLE KEYS */;
/*!40000 ALTER TABLE `jforum_extension_groups` ENABLE KEYS */;
UNLOCK TABLES;

--
-- Table structure for table `jforum_extensions`
--

DROP TABLE IF EXISTS `jforum_extensions`;
/*!40101 SET @saved_cs_client     = @@character_set_client */;
/*!40101 SET character_set_client = utf8 */;
CREATE TABLE `jforum_extensions` (
  `extension_id` int(11) NOT NULL AUTO_INCREMENT,
  `extension_group_id` int(11) NOT NULL,
  `description` varchar(100) DEFAULT NULL,
  `upload_icon` varchar(100) DEFAULT NULL,
  `extension` varchar(10) DEFAULT NULL,
  `allow` tinyint(1) DEFAULT '1',
  PRIMARY KEY (`extension_id`),
  KEY `extension_group_id` (`extension_group_id`),
  KEY `extension` (`extension`)
) ENGINE=InnoDB DEFAULT CHARSET=utf8;
/*!40101 SET character_set_client = @saved_cs_client */;

--
-- Dumping data for table `jforum_extensions`
--

LOCK TABLES `jforum_extensions` WRITE;
/*!40000 ALTER TABLE `jforum_extensions` DISABLE KEYS */;
/*!40000 ALTER TABLE `jforum_extensions` ENABLE KEYS */;
UNLOCK TABLES;

--
-- Table structure for table `jforum_forums`
--

DROP TABLE IF EXISTS `jforum_forums`;
/*!40101 SET @saved_cs_client     = @@character_set_client */;
/*!40101 SET character_set_client = utf8 */;
CREATE TABLE `jforum_forums` (
  `forum_id` int(11) NOT NULL AUTO_INCREMENT,
  `category_id` int(11) NOT NULL,
  `forum_name` varchar(150) NOT NULL DEFAULT '',
  `forum_description` varchar(255) DEFAULT NULL,
  `forum_order` int(11) DEFAULT '1',
  `forum_last_post_id` int(11) DEFAULT '0',
  `forum_moderated` tinyint(1) DEFAULT '0',
  `forum_allow_anonymous_posts` tinyint(1) DEFAULT '0',
  PRIMARY KEY (`forum_id`),
  KEY `categories_id` (`category_id`),
  KEY `idx_forums_cats` (`category_id`),
  KEY `forums_category` (`category_id`)
) ENGINE=InnoDB AUTO_INCREMENT=2 DEFAULT CHARSET=utf8;
/*!40101 SET character_set_client = @saved_cs_client */;

--
-- Dumping data for table `jforum_forums`
--

LOCK TABLES `jforum_forums` WRITE;
/*!40000 ALTER TABLE `jforum_forums` DISABLE KEYS */;
INSERT INTO `jforum_forums` VALUES (1,1,'parking forum','NA',1,NULL,0,0);
/*!40000 ALTER TABLE `jforum_forums` ENABLE KEYS */;
UNLOCK TABLES;

--
-- Table structure for table `jforum_forums_limited_time`
--

DROP TABLE IF EXISTS `jforum_forums_limited_time`;
/*!40101 SET @saved_cs_client     = @@character_set_client */;
/*!40101 SET character_set_client = utf8 */;
CREATE TABLE `jforum_forums_limited_time` (
  `id` int(11) NOT NULL AUTO_INCREMENT,
  `forum_id` int(11) NOT NULL,
  `limited_time` bigint(20) DEFAULT NULL,
  PRIMARY KEY (`id`)
) ENGINE=InnoDB DEFAULT CHARSET=utf8;
/*!40101 SET character_set_client = @saved_cs_client */;

--
-- Dumping data for table `jforum_forums_limited_time`
--

LOCK TABLES `jforum_forums_limited_time` WRITE;
/*!40000 ALTER TABLE `jforum_forums_limited_time` DISABLE KEYS */;
/*!40000 ALTER TABLE `jforum_forums_limited_time` ENABLE KEYS */;
UNLOCK TABLES;

--
-- Table structure for table `jforum_forums_watch`
--

DROP TABLE IF EXISTS `jforum_forums_watch`;
/*!40101 SET @saved_cs_client     = @@character_set_client */;
/*!40101 SET character_set_client = utf8 */;
CREATE TABLE `jforum_forums_watch` (
  `forum_id` int(11) NOT NULL,
  `user_id` int(11) NOT NULL,
  KEY `idx_fw_forum` (`forum_id`),
  KEY `idx_fw_user` (`user_id`)
) ENGINE=InnoDB DEFAULT CHARSET=utf8;
/*!40101 SET character_set_client = @saved_cs_client */;

--
-- Dumping data for table `jforum_forums_watch`
--

LOCK TABLES `jforum_forums_watch` WRITE;
/*!40000 ALTER TABLE `jforum_forums_watch` DISABLE KEYS */;
/*!40000 ALTER TABLE `jforum_forums_watch` ENABLE KEYS */;
UNLOCK TABLES;

--
-- Table structure for table `jforum_groups`
--

DROP TABLE IF EXISTS `jforum_groups`;
/*!40101 SET @saved_cs_client     = @@character_set_client */;
/*!40101 SET character_set_client = utf8 */;
CREATE TABLE `jforum_groups` (
  `group_id` int(11) NOT NULL AUTO_INCREMENT,
  `group_name` varchar(40) NOT NULL DEFAULT '',
  `group_description` varchar(255) DEFAULT NULL,
  PRIMARY KEY (`group_id`)
) ENGINE=InnoDB AUTO_INCREMENT=3 DEFAULT CHARSET=utf8;
/*!40101 SET character_set_client = @saved_cs_client */;

--
-- Dumping data for table `jforum_groups`
--

LOCK TABLES `jforum_groups` WRITE;
/*!40000 ALTER TABLE `jforum_groups` DISABLE KEYS */;
INSERT INTO `jforum_groups` VALUES (1,'General','General Users'),(2,'Administration','Admin Users');
/*!40000 ALTER TABLE `jforum_groups` ENABLE KEYS */;
UNLOCK TABLES;

--
-- Table structure for table `jforum_karma`
--

DROP TABLE IF EXISTS `jforum_karma`;
/*!40101 SET @saved_cs_client     = @@character_set_client */;
/*!40101 SET character_set_client = utf8 */;
CREATE TABLE `jforum_karma` (
  `karma_id` int(11) NOT NULL AUTO_INCREMENT,
  `post_id` int(11) NOT NULL,
  `topic_id` int(11) NOT NULL,
  `post_user_id` int(11) NOT NULL,
  `from_user_id` int(11) NOT NULL,
  `points` int(11) NOT NULL,
  `rate_date` datetime DEFAULT NULL,
  PRIMARY KEY (`karma_id`),
  KEY `post_id` (`post_id`),
  KEY `topic_id` (`topic_id`),
  KEY `post_user_id` (`post_user_id`),
  KEY `from_user_id` (`from_user_id`)
) ENGINE=InnoDB DEFAULT CHARSET=utf8;
/*!40101 SET character_set_client = @saved_cs_client */;

--
-- Dumping data for table `jforum_karma`
--

LOCK TABLES `jforum_karma` WRITE;
/*!40000 ALTER TABLE `jforum_karma` DISABLE KEYS */;
/*!40000 ALTER TABLE `jforum_karma` ENABLE KEYS */;
UNLOCK TABLES;

--
-- Table structure for table `jforum_mail_integration`
--

DROP TABLE IF EXISTS `jforum_mail_integration`;
/*!40101 SET @saved_cs_client     = @@character_set_client */;
/*!40101 SET character_set_client = utf8 */;
CREATE TABLE `jforum_mail_integration` (
  `forum_id` int(11) NOT NULL,
  `forum_email` varchar(100) NOT NULL,
  `pop_username` varchar(100) NOT NULL,
  `pop_password` varchar(100) NOT NULL,
  `pop_host` varchar(100) NOT NULL,
  `pop_port` int(11) DEFAULT '110',
  `pop_ssl` tinyint(4) DEFAULT '0',
  KEY `forum_id` (`forum_id`)
) ENGINE=InnoDB DEFAULT CHARSET=utf8;
/*!40101 SET character_set_client = @saved_cs_client */;

--
-- Dumping data for table `jforum_mail_integration`
--

LOCK TABLES `jforum_mail_integration` WRITE;
/*!40000 ALTER TABLE `jforum_mail_integration` DISABLE KEYS */;
/*!40000 ALTER TABLE `jforum_mail_integration` ENABLE KEYS */;
UNLOCK TABLES;

--
-- Table structure for table `jforum_moderation_log`
--

DROP TABLE IF EXISTS `jforum_moderation_log`;
/*!40101 SET @saved_cs_client     = @@character_set_client */;
/*!40101 SET character_set_client = utf8 */;
CREATE TABLE `jforum_moderation_log` (
  `log_id` int(11) NOT NULL AUTO_INCREMENT,
  `user_id` int(11) NOT NULL,
  `log_description` text NOT NULL,
  `log_original_message` text,
  `log_date` datetime NOT NULL,
  `log_type` tinyint(4) DEFAULT '0',
  `post_id` int(11) DEFAULT '0',
  `topic_id` int(11) DEFAULT '0',
  `post_user_id` int(11) DEFAULT '0',
  PRIMARY KEY (`log_id`),
  KEY `user_id` (`user_id`),
  KEY `post_user_id` (`post_user_id`)
) ENGINE=InnoDB DEFAULT CHARSET=utf8;
/*!40101 SET character_set_client = @saved_cs_client */;

--
-- Dumping data for table `jforum_moderation_log`
--

LOCK TABLES `jforum_moderation_log` WRITE;
/*!40000 ALTER TABLE `jforum_moderation_log` DISABLE KEYS */;
/*!40000 ALTER TABLE `jforum_moderation_log` ENABLE KEYS */;
UNLOCK TABLES;

--
-- Table structure for table `jforum_post_report`
--

DROP TABLE IF EXISTS `jforum_post_report`;
/*!40101 SET @saved_cs_client     = @@character_set_client */;
/*!40101 SET character_set_client = utf8 */;
CREATE TABLE `jforum_post_report` (
  `report_id` int(11) NOT NULL AUTO_INCREMENT,
  `post_id` int(11) NOT NULL,
  `report_date` datetime DEFAULT NULL,
  `report_description` text,
  `user_id` int(11) DEFAULT NULL,
  `report_status` varchar(15) DEFAULT NULL,
  PRIMARY KEY (`report_id`)
) ENGINE=InnoDB DEFAULT CHARSET=utf8;
/*!40101 SET character_set_client = @saved_cs_client */;

--
-- Dumping data for table `jforum_post_report`
--

LOCK TABLES `jforum_post_report` WRITE;
/*!40000 ALTER TABLE `jforum_post_report` DISABLE KEYS */;
/*!40000 ALTER TABLE `jforum_post_report` ENABLE KEYS */;
UNLOCK TABLES;

--
-- Table structure for table `jforum_posts`
--

DROP TABLE IF EXISTS `jforum_posts`;
/*!40101 SET @saved_cs_client     = @@character_set_client */;
/*!40101 SET character_set_client = utf8 */;
CREATE TABLE `jforum_posts` (
  `post_id` int(11) NOT NULL AUTO_INCREMENT,
  `topic_id` int(11) NOT NULL DEFAULT '0',
  `forum_id` int(11) NOT NULL DEFAULT '0',
  `user_id` int(11) NOT NULL DEFAULT '0',
  `post_date` datetime DEFAULT NULL,
  `poster_ip` varchar(50) DEFAULT NULL,
  `enable_bbcode` tinyint(1) NOT NULL DEFAULT '1',
  `enable_html` tinyint(1) NOT NULL DEFAULT '1',
  `enable_smilies` tinyint(1) NOT NULL DEFAULT '1',
  `enable_sig` tinyint(1) NOT NULL DEFAULT '1',
  `post_edit_time` datetime DEFAULT NULL,
  `post_edit_count` int(11) NOT NULL DEFAULT '0',
  `status` tinyint(1) DEFAULT '1',
  `attach` tinyint(1) DEFAULT '0',
  `need_moderate` tinyint(1) DEFAULT '0',
  `post_text` text NOT NULL,
  `post_subject` varchar(255) DEFAULT NULL,
  PRIMARY KEY (`post_id`),
  KEY `user_id` (`user_id`),
  KEY `topic_id` (`topic_id`),
  KEY `forum_id` (`forum_id`),
  KEY `post_time` (`post_date`),
  KEY `need_moderate` (`need_moderate`)
) ENGINE=InnoDB DEFAULT CHARSET=utf8;
/*!40101 SET character_set_client = @saved_cs_client */;

--
-- Dumping data for table `jforum_posts`
--

LOCK TABLES `jforum_posts` WRITE;
/*!40000 ALTER TABLE `jforum_posts` DISABLE KEYS */;
/*!40000 ALTER TABLE `jforum_posts` ENABLE KEYS */;
UNLOCK TABLES;

--
-- Table structure for table `jforum_privmsgs`
--

DROP TABLE IF EXISTS `jforum_privmsgs`;
/*!40101 SET @saved_cs_client     = @@character_set_client */;
/*!40101 SET character_set_client = utf8 */;
CREATE TABLE `jforum_privmsgs` (
  `privmsgs_id` int(11) NOT NULL AUTO_INCREMENT,
  `privmsgs_type` tinyint(4) NOT NULL DEFAULT '0',
  `privmsgs_subject` varchar(255) NOT NULL DEFAULT '',
  `privmsgs_from_userid` int(11) NOT NULL DEFAULT '0',
  `privmsgs_to_userid` int(11) NOT NULL DEFAULT '0',
  `privmsgs_date` datetime DEFAULT NULL,
  `privmsgs_ip` varchar(50) DEFAULT NULL,
  `privmsgs_enable_bbcode` tinyint(1) NOT NULL DEFAULT '1',
  `privmsgs_enable_html` tinyint(1) NOT NULL DEFAULT '0',
  `privmsgs_enable_smilies` tinyint(1) NOT NULL DEFAULT '1',
  `privmsgs_attach_sig` tinyint(1) NOT NULL DEFAULT '1',
  `privmsgs_text` text,
  PRIMARY KEY (`privmsgs_id`)
) ENGINE=InnoDB DEFAULT CHARSET=utf8;
/*!40101 SET character_set_client = @saved_cs_client */;

--
-- Dumping data for table `jforum_privmsgs`
--

LOCK TABLES `jforum_privmsgs` WRITE;
/*!40000 ALTER TABLE `jforum_privmsgs` DISABLE KEYS */;
/*!40000 ALTER TABLE `jforum_privmsgs` ENABLE KEYS */;
UNLOCK TABLES;

--
-- Table structure for table `jforum_quota_limit`
--

DROP TABLE IF EXISTS `jforum_quota_limit`;
/*!40101 SET @saved_cs_client     = @@character_set_client */;
/*!40101 SET character_set_client = utf8 */;
CREATE TABLE `jforum_quota_limit` (
  `quota_limit_id` int(11) NOT NULL AUTO_INCREMENT,
  `quota_desc` varchar(50) NOT NULL,
  `quota_limit` int(11) NOT NULL,
  `quota_type` tinyint(1) DEFAULT '1',
  PRIMARY KEY (`quota_limit_id`)
) ENGINE=InnoDB DEFAULT CHARSET=utf8;
/*!40101 SET character_set_client = @saved_cs_client */;

--
-- Dumping data for table `jforum_quota_limit`
--

LOCK TABLES `jforum_quota_limit` WRITE;
/*!40000 ALTER TABLE `jforum_quota_limit` DISABLE KEYS */;
/*!40000 ALTER TABLE `jforum_quota_limit` ENABLE KEYS */;
UNLOCK TABLES;

--
-- Table structure for table `jforum_ranks`
--

DROP TABLE IF EXISTS `jforum_ranks`;
/*!40101 SET @saved_cs_client     = @@character_set_client */;
/*!40101 SET character_set_client = utf8 */;
CREATE TABLE `jforum_ranks` (
  `rank_id` int(11) NOT NULL AUTO_INCREMENT,
  `rank_title` varchar(50) NOT NULL DEFAULT '',
  `rank_min` int(11) NOT NULL DEFAULT '0',
  `rank_special` tinyint(1) DEFAULT NULL,
  `rank_image` varchar(255) DEFAULT NULL,
  PRIMARY KEY (`rank_id`)
) ENGINE=InnoDB DEFAULT CHARSET=utf8;
/*!40101 SET character_set_client = @saved_cs_client */;

--
-- Dumping data for table `jforum_ranks`
--

LOCK TABLES `jforum_ranks` WRITE;
/*!40000 ALTER TABLE `jforum_ranks` DISABLE KEYS */;
/*!40000 ALTER TABLE `jforum_ranks` ENABLE KEYS */;
UNLOCK TABLES;

--
-- Table structure for table `jforum_role_values`
--

DROP TABLE IF EXISTS `jforum_role_values`;
/*!40101 SET @saved_cs_client     = @@character_set_client */;
/*!40101 SET character_set_client = utf8 */;
CREATE TABLE `jforum_role_values` (
  `role_id` int(11) NOT NULL,
  `role_value` int(11) NOT NULL,
  KEY `idx_role` (`role_id`)
) ENGINE=InnoDB DEFAULT CHARSET=utf8;
/*!40101 SET character_set_client = @saved_cs_client */;

--
-- Dumping data for table `jforum_role_values`
--

LOCK TABLES `jforum_role_values` WRITE;
/*!40000 ALTER TABLE `jforum_role_values` DISABLE KEYS */;
INSERT INTO `jforum_role_values` VALUES (19,1),(20,1),(21,1),(22,1),(23,1),(24,1),(25,1),(26,1),(27,1),(28,1),(29,1),(30,1),(31,1),(32,1),(33,1),(34,1),(35,1);
/*!40000 ALTER TABLE `jforum_role_values` ENABLE KEYS */;
UNLOCK TABLES;

--
-- Table structure for table `jforum_roles`
--

DROP TABLE IF EXISTS `jforum_roles`;
/*!40101 SET @saved_cs_client     = @@character_set_client */;
/*!40101 SET character_set_client = utf8 */;
CREATE TABLE `jforum_roles` (
  `role_id` int(11) NOT NULL AUTO_INCREMENT,
  `group_id` int(11) DEFAULT '0',
  `name` varchar(255) NOT NULL,
  PRIMARY KEY (`role_id`),
  KEY `idx_group` (`group_id`),
  KEY `idx_name` (`name`)
) ENGINE=InnoDB AUTO_INCREMENT=36 DEFAULT CHARSET=utf8;
/*!40101 SET character_set_client = @saved_cs_client */;

--
-- Dumping data for table `jforum_roles`
--

LOCK TABLES `jforum_roles` WRITE;
/*!40000 ALTER TABLE `jforum_roles` DISABLE KEYS */;
INSERT INTO `jforum_roles` VALUES (1,2,'administrator'),(2,2,'administrator'),(3,2,'administration'),(4,2,'administration'),(5,2,'moderation'),(6,2,'moderation_post_remove'),(7,2,'moderation_post_edit'),(8,2,'moderation_topic_move'),(9,2,'moderation_topic_lockUnlock'),(10,2,'moderation_approve_messages'),(11,2,'create_sticky_announcement_topics'),(12,2,'vote'),(13,2,'create_poll'),(14,2,'karma_enabled'),(15,2,'bookmarks_enabled'),(16,2,'attachments_download'),(17,2,'moderation_log'),(18,2,'full_moderation_log'),(19,1,'perm_forum'),(20,2,'perm_forum'),(21,1,'perm_anonymous_post'),(22,2,'perm_anonymous_post'),(23,1,'perm_category'),(24,2,'perm_category'),(25,1,'perm_read_only_forums'),(26,2,'perm_read_only_forums'),(27,1,'perm_html_disabled'),(28,2,'perm_html_disabled'),(29,1,'perm_attachments_enabled'),(30,2,'perm_attachments_enabled'),(31,1,'perm_reply_only'),(32,2,'perm_reply_only'),(33,1,'perm_reply_without_moderation'),(34,2,'perm_reply_without_moderation'),(35,2,'perm_moderation_forums');
/*!40000 ALTER TABLE `jforum_roles` ENABLE KEYS */;
UNLOCK TABLES;

--
-- Table structure for table `jforum_sessions`
--

DROP TABLE IF EXISTS `jforum_sessions`;
/*!40101 SET @saved_cs_client     = @@character_set_client */;
/*!40101 SET character_set_client = utf8 */;
CREATE TABLE `jforum_sessions` (
  `user_id` int(11) NOT NULL,
  `session_start` datetime DEFAULT NULL,
  `session_last_accessed` datetime DEFAULT NULL,
  `session_ip` varchar(50) DEFAULT NULL,
  `session_last_visit` datetime DEFAULT NULL,
  KEY `idx_sessions_users` (`user_id`)
) ENGINE=InnoDB DEFAULT CHARSET=utf8;
/*!40101 SET character_set_client = @saved_cs_client */;

--
-- Dumping data for table `jforum_sessions`
--

LOCK TABLES `jforum_sessions` WRITE;
/*!40000 ALTER TABLE `jforum_sessions` DISABLE KEYS */;
INSERT INTO `jforum_sessions` VALUES (2,'2015-10-20 00:34:21','2015-10-20 00:37:49','0:0:0:0:0:0:0:1','2015-10-20 00:37:49'),(3,'2015-10-20 00:40:42','2015-10-20 00:41:42','0:0:0:0:0:0:0:1','2015-10-20 00:41:42');
/*!40000 ALTER TABLE `jforum_sessions` ENABLE KEYS */;
UNLOCK TABLES;

--
-- Table structure for table `jforum_smilies`
--

DROP TABLE IF EXISTS `jforum_smilies`;
/*!40101 SET @saved_cs_client     = @@character_set_client */;
/*!40101 SET character_set_client = utf8 */;
CREATE TABLE `jforum_smilies` (
  `smilie_id` int(11) NOT NULL AUTO_INCREMENT,
  `code` varchar(50) NOT NULL DEFAULT '',
  `disk_name` varchar(255) DEFAULT NULL,
  PRIMARY KEY (`smilie_id`)
) ENGINE=InnoDB AUTO_INCREMENT=33 DEFAULT CHARSET=utf8;
/*!40101 SET character_set_client = @saved_cs_client */;

--
-- Dumping data for table `jforum_smilies`
--

LOCK TABLES `jforum_smilies` WRITE;
/*!40000 ALTER TABLE `jforum_smilies` DISABLE KEYS */;
INSERT INTO `jforum_smilies` VALUES (1,':)','3b63d1616c5dfcf29f8a7a031aaa7cad.gif'),(2,':-)','3b63d1616c5dfcf29f8a7a031aaa7cad.gif'),(3,':D','283a16da79f3aa23fe1025c96295f04f.gif'),(4,':-D','283a16da79f3aa23fe1025c96295f04f.gif'),(5,':(','9d71f0541cff0a302a0309c5079e8dee.gif'),(6,':mrgreen:','ed515dbff23a0ee3241dcc0a601c9ed6.gif'),(7,':-o','47941865eb7bbc2a777305b46cc059a2.gif'),(8,':shock:','385970365b8ed7503b4294502a458efa.gif'),(9,':?:','0a4d7238daa496a758252d0a2b1a1384.gif'),(10,'8)','b2eb59423fbf5fa39342041237025880.gif'),(11,':lol:','97ada74b88049a6d50a6ed40898a03d7.gif'),(12,':x','1069449046bcd664c21db15b1dfedaee.gif'),(13,':P','69934afc394145350659cd7add244ca9.gif'),(14,':-P','69934afc394145350659cd7add244ca9.gif'),(15,':oops:','499fd50bc713bfcdf2ab5a23c00c2d62.gif'),(16,':cry:','c30b4198e0907b23b8246bdd52aa1c3c.gif'),(17,':evil:','2e207fad049d4d292f60607f80f05768.gif'),(18,':twisted:','908627bbe5e9f6a080977db8c365caff.gif'),(19,':roll:','2786c5c8e1a8be796fb2f726cca5a0fe.gif'),(20,':wink:','8a80c6485cd926be453217d59a84a888.gif'),(21,';)','8a80c6485cd926be453217d59a84a888.gif'),(22,';-)','8a80c6485cd926be453217d59a84a888.gif'),(23,':!:','9293feeb0183c67ea1ea8c52f0dbaf8c.gif'),(24,':?','136dd33cba83140c7ce38db096d05aed.gif'),(25,':idea:','8f7fb9dd46fb8ef86f81154a4feaada9.gif'),(26,':arrow:','d6741711aa045b812616853b5507fd2a.gif'),(27,':hunf:','0320a00cb4bb5629ab9fc2bc1fcc4e9e.gif'),(28,':-(','9d71f0541cff0a302a0309c5079e8dee.gif'),(29,':XD:','49869fe8223507d7223db3451e5321aa.gif'),(30,':thumbup:','e8a506dc4ad763aca51bec4ca7dc8560.gif'),(31,':thumbdown:','e78feac27fa924c4d0ad6cf5819f3554.gif'),(32,':|','1cfd6e2a9a2c0cf8e74b49b35e2e46c7.gif');
/*!40000 ALTER TABLE `jforum_smilies` ENABLE KEYS */;
UNLOCK TABLES;

--
-- Table structure for table `jforum_themes`
--

DROP TABLE IF EXISTS `jforum_themes`;
/*!40101 SET @saved_cs_client     = @@character_set_client */;
/*!40101 SET character_set_client = utf8 */;
CREATE TABLE `jforum_themes` (
  `themes_id` int(11) NOT NULL AUTO_INCREMENT,
  `template_name` varchar(30) NOT NULL DEFAULT '',
  `style_name` varchar(30) NOT NULL DEFAULT '',
  PRIMARY KEY (`themes_id`)
) ENGINE=InnoDB DEFAULT CHARSET=utf8;
/*!40101 SET character_set_client = @saved_cs_client */;

--
-- Dumping data for table `jforum_themes`
--

LOCK TABLES `jforum_themes` WRITE;
/*!40000 ALTER TABLE `jforum_themes` DISABLE KEYS */;
/*!40000 ALTER TABLE `jforum_themes` ENABLE KEYS */;
UNLOCK TABLES;

--
-- Table structure for table `jforum_topics`
--

DROP TABLE IF EXISTS `jforum_topics`;
/*!40101 SET @saved_cs_client     = @@character_set_client */;
/*!40101 SET character_set_client = utf8 */;
CREATE TABLE `jforum_topics` (
  `topic_id` int(11) NOT NULL AUTO_INCREMENT,
  `forum_id` int(11) NOT NULL DEFAULT '0',
  `topic_subject` varchar(110) NOT NULL,
  `user_id` int(11) NOT NULL DEFAULT '0',
  `topic_date` datetime DEFAULT NULL,
  `topic_views` int(11) DEFAULT '1',
  `topic_replies` int(11) DEFAULT '0',
  `topic_status` tinyint(3) DEFAULT '0',
  `topic_vote_id` int(11) NOT NULL DEFAULT '0',
  `topic_type` tinyint(3) DEFAULT '0',
  `topic_first_post_id` int(11) DEFAULT '0',
  `topic_last_post_id` int(11) DEFAULT '0',
  `topic_moved_id` int(11) DEFAULT '0',
  `need_moderate` tinyint(1) DEFAULT '0',
  `has_attachment` tinyint(1) DEFAULT '0',
  PRIMARY KEY (`topic_id`),
  KEY `forum_id` (`forum_id`),
  KEY `user_id` (`user_id`),
  KEY `topic_first_post_id` (`topic_first_post_id`),
  KEY `topic_last_post_id` (`topic_last_post_id`),
  KEY `topic_moved_id` (`topic_moved_id`)
) ENGINE=InnoDB DEFAULT CHARSET=utf8;
/*!40101 SET character_set_client = @saved_cs_client */;

--
-- Dumping data for table `jforum_topics`
--

LOCK TABLES `jforum_topics` WRITE;
/*!40000 ALTER TABLE `jforum_topics` DISABLE KEYS */;
/*!40000 ALTER TABLE `jforum_topics` ENABLE KEYS */;
UNLOCK TABLES;

--
-- Table structure for table `jforum_topics_tag`
--

DROP TABLE IF EXISTS `jforum_topics_tag`;
/*!40101 SET @saved_cs_client     = @@character_set_client */;
/*!40101 SET character_set_client = utf8 */;
CREATE TABLE `jforum_topics_tag` (
  `tag_id` int(11) NOT NULL AUTO_INCREMENT,
  `topic_id` int(11) NOT NULL,
  `tag_name` varchar(100) NOT NULL,
  PRIMARY KEY (`tag_id`)
) ENGINE=InnoDB DEFAULT CHARSET=utf8;
/*!40101 SET character_set_client = @saved_cs_client */;

--
-- Dumping data for table `jforum_topics_tag`
--

LOCK TABLES `jforum_topics_tag` WRITE;
/*!40000 ALTER TABLE `jforum_topics_tag` DISABLE KEYS */;
/*!40000 ALTER TABLE `jforum_topics_tag` ENABLE KEYS */;
UNLOCK TABLES;

--
-- Table structure for table `jforum_topics_watch`
--

DROP TABLE IF EXISTS `jforum_topics_watch`;
/*!40101 SET @saved_cs_client     = @@character_set_client */;
/*!40101 SET character_set_client = utf8 */;
CREATE TABLE `jforum_topics_watch` (
  `topic_id` int(11) NOT NULL,
  `user_id` int(11) NOT NULL,
  `is_read` tinyint(1) DEFAULT '1',
  `topics_watch_id` int(11) NOT NULL AUTO_INCREMENT,
  PRIMARY KEY (`topics_watch_id`),
  UNIQUE KEY `topic_id` (`topic_id`,`user_id`),
  KEY `idx_topic` (`topic_id`),
  KEY `idx_user` (`user_id`)
) ENGINE=InnoDB DEFAULT CHARSET=utf8;
/*!40101 SET character_set_client = @saved_cs_client */;

--
-- Dumping data for table `jforum_topics_watch`
--

LOCK TABLES `jforum_topics_watch` WRITE;
/*!40000 ALTER TABLE `jforum_topics_watch` DISABLE KEYS */;
/*!40000 ALTER TABLE `jforum_topics_watch` ENABLE KEYS */;
UNLOCK TABLES;

--
-- Table structure for table `jforum_user_groups`
--

DROP TABLE IF EXISTS `jforum_user_groups`;
/*!40101 SET @saved_cs_client     = @@character_set_client */;
/*!40101 SET character_set_client = utf8 */;
CREATE TABLE `jforum_user_groups` (
  `group_id` int(11) NOT NULL,
  `user_id` int(11) NOT NULL,
  KEY `idx_group` (`group_id`),
  KEY `idx_user` (`user_id`)
) ENGINE=InnoDB DEFAULT CHARSET=utf8;
/*!40101 SET character_set_client = @saved_cs_client */;

--
-- Dumping data for table `jforum_user_groups`
--

LOCK TABLES `jforum_user_groups` WRITE;
/*!40000 ALTER TABLE `jforum_user_groups` DISABLE KEYS */;
INSERT INTO `jforum_user_groups` VALUES (1,1),(2,2),(1,3);
/*!40000 ALTER TABLE `jforum_user_groups` ENABLE KEYS */;
UNLOCK TABLES;

--
-- Table structure for table `jforum_users`
--

DROP TABLE IF EXISTS `jforum_users`;
/*!40101 SET @saved_cs_client     = @@character_set_client */;
/*!40101 SET character_set_client = utf8 */;
CREATE TABLE `jforum_users` (
  `user_id` int(11) NOT NULL AUTO_INCREMENT,
  `user_active` tinyint(1) DEFAULT '1',
  `username` varchar(50) NOT NULL DEFAULT '',
  `user_password` varchar(32) NOT NULL DEFAULT '',
  `user_session_time` bigint(20) DEFAULT '0',
  `user_lastvisit` datetime DEFAULT NULL,
  `user_regdate` datetime DEFAULT NULL,
  `user_posts` int(11) NOT NULL DEFAULT '0',
  `user_timezone` varchar(10) DEFAULT NULL,
  `user_style` int(11) DEFAULT '0',
  `user_lang` varchar(10) DEFAULT NULL,
  `user_dateformat` varchar(20) DEFAULT NULL,
  `user_emailtime` datetime DEFAULT NULL,
  `user_viewemail` tinyint(1) DEFAULT '0',
  `user_attachsig` tinyint(1) DEFAULT '1',
  `user_allowhtml` tinyint(1) DEFAULT '0',
  `user_allowbbcode` tinyint(1) DEFAULT '1',
  `user_allowsmilies` tinyint(1) DEFAULT '1',
  `user_allowavatar` tinyint(1) DEFAULT '1',
  `user_allow_pm` tinyint(1) DEFAULT '1',
  `user_allow_viewonline` tinyint(1) DEFAULT '1',
  `user_notify` tinyint(1) DEFAULT '1',
  `user_notify_always` tinyint(1) DEFAULT '0',
  `user_notify_text` tinyint(1) DEFAULT '0',
  `user_notify_pm` tinyint(1) DEFAULT '1',
  `user_popup_pm` tinyint(1) DEFAULT '1',
  `rank_id` int(11) DEFAULT NULL,
  `user_avatar` varchar(100) DEFAULT NULL,
  `user_email` varchar(255) NOT NULL DEFAULT '',
  `user_icq` varchar(15) DEFAULT NULL,
  `user_website` varchar(255) DEFAULT NULL,
  `user_from` varchar(100) DEFAULT NULL,
  `user_sig` text,
  `user_sig_bbcode_uid` varchar(10) DEFAULT NULL,
  `user_aim` varchar(255) DEFAULT NULL,
  `user_yim` varchar(255) DEFAULT NULL,
  `user_msnm` varchar(255) DEFAULT NULL,
  `user_occ` varchar(100) DEFAULT NULL,
  `user_interests` varchar(255) DEFAULT NULL,
  `user_biography` text,
  `user_actkey` varchar(32) DEFAULT NULL,
  `gender` char(1) DEFAULT NULL,
  `deleted` tinyint(1) DEFAULT '0',
  `user_viewonline` tinyint(1) DEFAULT '1',
  `security_hash` varchar(32) DEFAULT NULL,
  `user_authhash` varchar(32) DEFAULT NULL,
  `avatar_id` int(11) DEFAULT NULL,
  `user_total_privmsgs` int(11) DEFAULT '0',
  PRIMARY KEY (`user_id`)
) ENGINE=InnoDB AUTO_INCREMENT=4 DEFAULT CHARSET=utf8;
/*!40101 SET character_set_client = @saved_cs_client */;

--
-- Dumping data for table `jforum_users`
--

LOCK TABLES `jforum_users` WRITE;
/*!40000 ALTER TABLE `jforum_users` DISABLE KEYS */;
INSERT INTO `jforum_users` VALUES (1,1,'Anonymous','nopass',0,NULL,'2015-10-20 00:33:45',0,NULL,0,NULL,NULL,NULL,0,1,0,1,1,1,1,1,1,0,0,1,1,NULL,NULL,'',NULL,NULL,NULL,NULL,NULL,NULL,NULL,NULL,NULL,NULL,NULL,NULL,NULL,0,1,NULL,NULL,NULL,0),(2,1,'admin','21232f297a57a5a743894a0e4a801fc3',0,NULL,'2015-10-20 00:33:45',1,NULL,0,NULL,NULL,NULL,0,1,0,1,1,1,1,1,1,0,0,1,1,NULL,NULL,'',NULL,NULL,NULL,NULL,NULL,NULL,NULL,NULL,NULL,NULL,NULL,NULL,NULL,0,1,'3b67968d548740ccb552b9bb6590f4e9',NULL,NULL,0),(3,1,'saurabh','fe01ce2a7fbac8fafaed7c982a04e229',0,NULL,'2015-10-20 00:41:11',0,NULL,0,NULL,NULL,NULL,1,1,1,1,1,1,1,1,1,0,0,1,1,NULL,NULL,'saurabh.find@gmail.com',NULL,NULL,NULL,NULL,NULL,NULL,NULL,NULL,NULL,NULL,NULL,NULL,NULL,0,1,NULL,NULL,NULL,0);
/*!40000 ALTER TABLE `jforum_users` ENABLE KEYS */;
UNLOCK TABLES;

--
-- Table structure for table `jforum_vote_desc`
--

DROP TABLE IF EXISTS `jforum_vote_desc`;
/*!40101 SET @saved_cs_client     = @@character_set_client */;
/*!40101 SET character_set_client = utf8 */;
CREATE TABLE `jforum_vote_desc` (
  `vote_id` int(11) NOT NULL AUTO_INCREMENT,
  `topic_id` int(11) NOT NULL DEFAULT '0',
  `vote_text` varchar(255) NOT NULL DEFAULT '',
  `vote_start` datetime NOT NULL,
  `vote_length` int(11) NOT NULL DEFAULT '0',
  PRIMARY KEY (`vote_id`),
  KEY `topic_id` (`topic_id`)
) ENGINE=InnoDB DEFAULT CHARSET=utf8;
/*!40101 SET character_set_client = @saved_cs_client */;

--
-- Dumping data for table `jforum_vote_desc`
--

LOCK TABLES `jforum_vote_desc` WRITE;
/*!40000 ALTER TABLE `jforum_vote_desc` DISABLE KEYS */;
/*!40000 ALTER TABLE `jforum_vote_desc` ENABLE KEYS */;
UNLOCK TABLES;

--
-- Table structure for table `jforum_vote_results`
--

DROP TABLE IF EXISTS `jforum_vote_results`;
/*!40101 SET @saved_cs_client     = @@character_set_client */;
/*!40101 SET character_set_client = utf8 */;
CREATE TABLE `jforum_vote_results` (
  `vote_id` int(11) NOT NULL DEFAULT '0',
  `vote_option_text` varchar(255) NOT NULL DEFAULT '',
  `vote_result` int(11) NOT NULL DEFAULT '0',
  `vote_option_id` int(11) NOT NULL AUTO_INCREMENT,
  PRIMARY KEY (`vote_option_id`),
  KEY `vote_id` (`vote_id`)
) ENGINE=InnoDB DEFAULT CHARSET=utf8;
/*!40101 SET character_set_client = @saved_cs_client */;

--
-- Dumping data for table `jforum_vote_results`
--

LOCK TABLES `jforum_vote_results` WRITE;
/*!40000 ALTER TABLE `jforum_vote_results` DISABLE KEYS */;
/*!40000 ALTER TABLE `jforum_vote_results` ENABLE KEYS */;
UNLOCK TABLES;

--
-- Table structure for table `jforum_vote_voters`
--

DROP TABLE IF EXISTS `jforum_vote_voters`;
/*!40101 SET @saved_cs_client     = @@character_set_client */;
/*!40101 SET character_set_client = utf8 */;
CREATE TABLE `jforum_vote_voters` (
  `vote_id` int(11) NOT NULL DEFAULT '0',
  `vote_user_id` int(11) NOT NULL DEFAULT '0',
  `vote_user_ip` varchar(15) NOT NULL DEFAULT '',
  `voter_id` int(11) NOT NULL AUTO_INCREMENT,
  PRIMARY KEY (`voter_id`),
  KEY `vote_id` (`vote_id`),
  KEY `vote_user_id` (`vote_user_id`)
) ENGINE=InnoDB DEFAULT CHARSET=utf8;
/*!40101 SET character_set_client = @saved_cs_client */;

--
-- Dumping data for table `jforum_vote_voters`
--

LOCK TABLES `jforum_vote_voters` WRITE;
/*!40000 ALTER TABLE `jforum_vote_voters` DISABLE KEYS */;
/*!40000 ALTER TABLE `jforum_vote_voters` ENABLE KEYS */;
UNLOCK TABLES;

--
-- Table structure for table `jforum_words`
--

DROP TABLE IF EXISTS `jforum_words`;
/*!40101 SET @saved_cs_client     = @@character_set_client */;
/*!40101 SET character_set_client = utf8 */;
CREATE TABLE `jforum_words` (
  `word_id` int(11) NOT NULL AUTO_INCREMENT,
  `word` varchar(100) NOT NULL DEFAULT '',
  `replacement` varchar(100) NOT NULL DEFAULT '',
  PRIMARY KEY (`word_id`)
) ENGINE=InnoDB DEFAULT CHARSET=utf8;
/*!40101 SET character_set_client = @saved_cs_client */;

--
-- Dumping data for table `jforum_words`
--

LOCK TABLES `jforum_words` WRITE;
/*!40000 ALTER TABLE `jforum_words` DISABLE KEYS */;
/*!40000 ALTER TABLE `jforum_words` ENABLE KEYS */;
UNLOCK TABLES;
/*!40103 SET TIME_ZONE=@OLD_TIME_ZONE */;

/*!40101 SET SQL_MODE=@OLD_SQL_MODE */;
/*!40014 SET FOREIGN_KEY_CHECKS=@OLD_FOREIGN_KEY_CHECKS */;
/*!40014 SET UNIQUE_CHECKS=@OLD_UNIQUE_CHECKS */;
/*!40101 SET CHARACTER_SET_CLIENT=@OLD_CHARACTER_SET_CLIENT */;
/*!40101 SET CHARACTER_SET_RESULTS=@OLD_CHARACTER_SET_RESULTS */;
/*!40101 SET COLLATION_CONNECTION=@OLD_COLLATION_CONNECTION */;
/*!40111 SET SQL_NOTES=@OLD_SQL_NOTES */;

-- Dump completed on 2015-10-20  0:50:09
